{"RuleTriggered": 23, "Violations": 23, "Details": {"algo-1": {"cpu": {"p25": 42.018437500000005, "p50": 55.61625, "p75": 58.7259375, "p95": 63.45849999999999, "upper": 83.78718749999999, "lower": 16.95718750000001}, "gpu0": {"p25": 0.0, "p50": 0.0, "p75": 0.0, "p95": 0.0, "upper": 0.0, "lower": 0.0}, "gpu0_memory": {"p25": 0.0, "p50": 0.0, "p75": 0.0, "p95": 0.0, "upper": 0.0, "lower": 0.0}}, "last_timestamp": 1648473540000000}, "Datapoints": 3738, "RuleParameters": "cpu_threshold_p95:70\ngpu_threshold_p95:70\ngpu_memory_threshold_p95:70\npatience:1000\nwindow:500"}