{"RuleTriggered": 1, "Violations": 1, "Details": {"pin_memory": false, "num_workers": 0, "cores": 8, "dataloaders": 1, "dataloading_time": {"p25": 1.9688595, "p50": 2.044046, "p95": 2.2705145, "probs": [1, 0, 0, 0, 0, 1, 0, 0, 0, 0, 0, 0, 0, 0, 0, 0, 0, 0, 1, 0, 0, 0, 0, 0, 0, 0, 0, 0, 0, 0, 0, 0, 0, 1, 0, 0, 0, 0, 0, 0, 0, 1, 1, 0, 1, 0, 0, 0, 0, 0, 0, 0, 0, 0, 0, 0, 0, 0, 0, 0, 0, 0, 0, 0, 0, 0, 0, 1, 0, 0, 0, 0, 0, 0, 0, 0, 0, 0, 0, 0, 0, 0, 0, 2, 0, 0, 0, 0, 0, 0, 0, 0, 0, 0, 0, 0, 0, 0, 0, 1], "binedges": [1.849553, 1.85414313, 1.85873326, 1.86332339, 1.86791352, 1.87250365, 1.87709378, 1.88168391, 1.88627404, 1.89086417, 1.8954543, 1.90004443, 1.90463456, 1.90922469, 1.91381482, 1.91840495, 1.92299508, 1.92758521, 1.93217534, 1.9367654699999999, 1.9413556, 1.94594573, 1.95053586, 1.95512599, 1.95971612, 1.96430625, 1.96889638, 1.9734865099999999, 1.97807664, 1.98266677, 1.9872569, 1.99184703, 1.99643716, 2.00102729, 2.00561742, 2.01020755, 2.01479768, 2.01938781, 2.02397794, 2.02856807, 2.0331582, 2.03774833, 2.04233846, 2.04692859, 2.05151872, 2.0561088499999998, 2.0606989799999997, 2.06528911, 2.06987924, 2.07446937, 2.0790595, 2.08364963, 2.08823976, 2.09282989, 2.09742002, 2.10201015, 2.10660028, 2.11119041, 2.11578054, 2.12037067, 2.1249607999999998, 2.1295509299999997, 2.13414106, 2.1387311899999997, 2.14332132, 2.14791145, 2.15250158, 2.15709171, 2.16168184, 2.16627197, 2.1708621, 2.17545223, 2.18004236, 2.18463249, 2.18922262, 2.1938127499999998, 2.1984028799999997, 2.20299301, 2.2075831399999997, 2.21217327, 2.2167634, 2.22135353, 2.22594366, 2.23053379, 2.23512392, 2.23971405, 2.24430418, 2.24889431, 2.25348444, 2.25807457, 2.2626646999999998, 2.2672548299999997, 2.2718449599999997, 2.2764350899999997, 2.28102522, 2.28561535, 2.29020548, 2.29479561, 2.29938574, 2.30397587, 2.308566]}}, "Datapoints": 11, "RuleParameters": "min_threshold:70\nmax_threshold:200"}