{"RuleTriggered": 0, "Violations": 183, "Details": {"low_gpu_utilization": 3739, "bottlenecks": {"1648473608.375124": {"GPUs": 1, "CPUs": 1}, "1648473610.876367": {"GPUs": 1, "CPUs": 1}, "1648473611.375106": {"GPUs": 1, "CPUs": 1}, "1648473612.375115": {"GPUs": 1, "CPUs": 1}, "1648473613.875093": {"GPUs": 1, "CPUs": 1}, "1648473614.37515": {"GPUs": 1, "CPUs": 1}, "1648473615.875144": {"GPUs": 1, "CPUs": 1}, "1648473616.37516": {"GPUs": 1, "CPUs": 1}, "1648473616.875117": {"GPUs": 1, "CPUs": 1}, "1648473617.375133": {"GPUs": 1, "CPUs": 1}, "1648473619.375186": {"GPUs": 1, "CPUs": 1}, "1648473619.875606": {"GPUs": 1, "CPUs": 1}, "1648473621.375126": {"GPUs": 1, "CPUs": 1}, "1648473621.875133": {"GPUs": 1, "CPUs": 1}, "1648473622.375098": {"GPUs": 1, "CPUs": 1}, "1648473624.375128": {"GPUs": 1, "CPUs": 1}, "1648473625.375295": {"GPUs": 1, "CPUs": 1}, "1648473626.375132": {"GPUs": 1, "CPUs": 1}, "1648473626.875189": {"GPUs": 1, "CPUs": 1}, "1648473627.375094": {"GPUs": 1, "CPUs": 1}, "1648473627.875103": {"GPUs": 1, "CPUs": 1}, "1648473628.875114": {"GPUs": 1, "CPUs": 1}, "1648473629.375143": {"GPUs": 1, "CPUs": 1}, "1648473630.375123": {"GPUs": 1, "CPUs": 1}, "1648473631.375139": {"GPUs": 1, "CPUs": 1}, "1648473632.375149": {"GPUs": 1, "CPUs": 1}, "1648473634.375149": {"GPUs": 1, "CPUs": 1}, "1648473634.875111": {"GPUs": 1, "CPUs": 1}, "1648473635.375132": {"GPUs": 1, "CPUs": 2}, "1648473635.875117": {"GPUs": 1, "CPUs": 1}, "1648473636.875124": {"GPUs": 1, "CPUs": 1}, "1648473663.875121": {"GPUs": 1, "CPUs": 1}, "1648473664.375395": {"GPUs": 1, "CPUs": 1}, "1648473666.375136": {"GPUs": 1, "CPUs": 1}, "1648473667.375137": {"GPUs": 1, "CPUs": 1}, "1648473667.875908": {"GPUs": 1, "CPUs": 1}, "1648473668.375099": {"GPUs": 1, "CPUs": 1}, "1648473668.875095": {"GPUs": 1, "CPUs": 2}, "1648473686.376182": {"GPUs": 1, "CPUs": 1}, "1648473686.875147": {"GPUs": 1, "CPUs": 1}, "1648473687.37519": {"GPUs": 1, "CPUs": 1}, "1648473687.875106": {"GPUs": 1, "CPUs": 1}, "1648473707.375135": {"GPUs": 1, "CPUs": 1}, "1648473718.375175": {"GPUs": 1, "CPUs": 1}, "1648473719.37515": {"GPUs": 1, "CPUs": 1}, "1648473719.875104": {"GPUs": 1, "CPUs": 2}, "1648473720.37514": {"GPUs": 1, "CPUs": 3}, "1648473720.875093": {"GPUs": 1, "CPUs": 3}, "1648473721.375096": {"GPUs": 1, "CPUs": 2}, "1648473721.875138": {"GPUs": 1, "CPUs": 4}, "1648473722.375114": {"GPUs": 1, "CPUs": 3}, "1648473722.875112": {"GPUs": 1, "CPUs": 4}, "1648473723.375124": {"GPUs": 1, "CPUs": 4}, "1648473723.875119": {"GPUs": 1, "CPUs": 4}, "1648473724.375121": {"GPUs": 1, "CPUs": 4}, "1648473724.875108": {"GPUs": 1, "CPUs": 4}, "1648473725.37515": {"GPUs": 1, "CPUs": 4}, "1648473725.875091": {"GPUs": 1, "CPUs": 4}, "1648473726.375148": {"GPUs": 1, "CPUs": 4}, "1648473726.875142": {"GPUs": 1, "CPUs": 4}, "1648473727.375115": {"GPUs": 1, "CPUs": 4}, "1648473727.875132": {"GPUs": 1, "CPUs": 4}, "1648473728.375093": {"GPUs": 1, "CPUs": 4}, "1648473728.875093": {"GPUs": 1, "CPUs": 4}, "1648473729.375081": {"GPUs": 1, "CPUs": 4}, "1648473729.875102": {"GPUs": 1, "CPUs": 4}, "1648473730.375159": {"GPUs": 1, "CPUs": 4}, "1648473730.875096": {"GPUs": 1, "CPUs": 4}, "1648473731.375144": {"GPUs": 1, "CPUs": 4}, "1648473731.875125": {"GPUs": 1, "CPUs": 4}, "1648473732.375085": {"GPUs": 1, "CPUs": 4}, "1648473744.375103": {"GPUs": 1, "CPUs": 2}, "1648473744.875115": {"GPUs": 1, "CPUs": 2}, "1648473745.375081": {"GPUs": 1, "CPUs": 1}, "1648473745.875129": {"GPUs": 1, "CPUs": 1}, "1648473746.375128": {"GPUs": 1, "CPUs": 2}, "1648473746.875103": {"GPUs": 1, "CPUs": 1}, "1648473750.375144": {"GPUs": 1, "CPUs": 2}, "1648473750.875126": {"GPUs": 1, "CPUs": 1}, "1648473751.375158": {"GPUs": 1, "CPUs": 1}, "1648473751.875091": {"GPUs": 1, "CPUs": 2}, "1648473752.375104": {"GPUs": 1, "CPUs": 1}, "1648473752.87517": {"GPUs": 1, "CPUs": 2}, "1648473753.375124": {"GPUs": 1, "CPUs": 1}, "1648473755.375134": {"GPUs": 1, "CPUs": 2}, "1648473755.875081": {"GPUs": 1, "CPUs": 3}, "1648473756.375111": {"GPUs": 1, "CPUs": 2}, "1648473756.875108": {"GPUs": 1, "CPUs": 2}, "1648473757.375136": {"GPUs": 1, "CPUs": 2}, "1648473757.875109": {"GPUs": 1, "CPUs": 2}, "1648473758.375105": {"GPUs": 1, "CPUs": 2}, "1648473758.875064": {"GPUs": 1, "CPUs": 2}, "1648473759.375119": {"GPUs": 1, "CPUs": 2}, "1648473759.875107": {"GPUs": 1, "CPUs": 2}, "1648473760.375112": {"GPUs": 1, "CPUs": 1}, "1648473760.875096": {"GPUs": 1, "CPUs": 1}, "1648473761.375155": {"GPUs": 1, "CPUs": 1}, "1648473761.875112": {"GPUs": 1, "CPUs": 1}, "1648473762.37511": {"GPUs": 1, "CPUs": 1}, "1648473762.875143": {"GPUs": 1, "CPUs": 1}, "1648473763.375141": {"GPUs": 1, "CPUs": 1}, "1648473763.875098": {"GPUs": 1, "CPUs": 1}, "1648473764.375128": {"GPUs": 1, "CPUs": 1}, "1648473764.875168": {"GPUs": 1, "CPUs": 1}, "1648473765.375082": {"GPUs": 1, "CPUs": 1}, "1648473765.875098": {"GPUs": 1, "CPUs": 1}, "1648473772.375134": {"GPUs": 1, "CPUs": 2}, "1648473772.875136": {"GPUs": 1, "CPUs": 2}, "1648473773.375108": {"GPUs": 1, "CPUs": 2}, "1648473773.875081": {"GPUs": 1, "CPUs": 2}, "1648473774.375188": {"GPUs": 1, "CPUs": 2}, "1648473774.875109": {"GPUs": 1, "CPUs": 2}, "1648473788.375156": {"GPUs": 1, "CPUs": 1}, "1648473788.875126": {"GPUs": 1, "CPUs": 1}, "1648473789.37516": {"GPUs": 1, "CPUs": 1}, "1648473790.875182": {"GPUs": 1, "CPUs": 1}, "1648473791.375136": {"GPUs": 1, "CPUs": 3}, "1648473794.875104": {"GPUs": 1, "CPUs": 2}, "1648473795.375102": {"GPUs": 1, "CPUs": 3}, "1648473795.875106": {"GPUs": 1, "CPUs": 2}, "1648473796.375123": {"GPUs": 1, "CPUs": 2}, "1648473796.875108": {"GPUs": 1, "CPUs": 2}, "1648473797.375134": {"GPUs": 1, "CPUs": 2}, "1648473797.875151": {"GPUs": 1, "CPUs": 2}, "1648473798.375129": {"GPUs": 1, "CPUs": 2}, "1648473798.875108": {"GPUs": 1, "CPUs": 2}, "1648473799.375086": {"GPUs": 1, "CPUs": 2}, "1648473799.875127": {"GPUs": 1, "CPUs": 2}, "1648473800.375109": {"GPUs": 1, "CPUs": 2}, "1648473800.875137": {"GPUs": 1, "CPUs": 2}, "1648473801.375111": {"GPUs": 1, "CPUs": 2}, "1648473812.875132": {"GPUs": 1, "CPUs": 1}, "1648473813.375111": {"GPUs": 1, "CPUs": 2}, "1648473813.875139": {"GPUs": 1, "CPUs": 2}, "1648473814.375129": {"GPUs": 1, "CPUs": 1}, "1648473814.875112": {"GPUs": 1, "CPUs": 1}, "1648473815.375111": {"GPUs": 1, "CPUs": 1}, "1648473815.875097": {"GPUs": 1, "CPUs": 1}, "1648473816.375134": {"GPUs": 1, "CPUs": 2}, "1648473816.875115": {"GPUs": 1, "CPUs": 1}, "1648473817.375118": {"GPUs": 1, "CPUs": 2}, "1648473817.875122": {"GPUs": 1, "CPUs": 1}, "1648473818.375108": {"GPUs": 1, "CPUs": 1}, "1648473818.875113": {"GPUs": 1, "CPUs": 2}, "1648473845.875117": {"GPUs": 1, "CPUs": 1}, "1648473846.375096": {"GPUs": 1, "CPUs": 3}, "1648473846.875155": {"GPUs": 1, "CPUs": 2}, "1648473847.375119": {"GPUs": 1, "CPUs": 2}, "1648473847.875139": {"GPUs": 1, "CPUs": 2}, "1648473848.375113": {"GPUs": 1, "CPUs": 2}, "1648473848.875112": {"GPUs": 1, "CPUs": 2}, "1648473849.375114": {"GPUs": 1, "CPUs": 2}, "1648473849.875139": {"GPUs": 1, "CPUs": 2}, "1648473850.37513": {"GPUs": 1, "CPUs": 2}, "1648473850.875094": {"GPUs": 1, "CPUs": 2}, "1648473851.375094": {"GPUs": 1, "CPUs": 2}, "1648473851.875169": {"GPUs": 1, "CPUs": 2}, "1648473852.375127": {"GPUs": 1, "CPUs": 2}, "1648473852.875118": {"GPUs": 1, "CPUs": 2}, "1648473853.375122": {"GPUs": 1, "CPUs": 2}, "1648473853.875139": {"GPUs": 1, "CPUs": 2}, "1648473854.375144": {"GPUs": 1, "CPUs": 2}, "1648473854.875148": {"GPUs": 1, "CPUs": 2}, "1648473855.375124": {"GPUs": 1, "CPUs": 2}, "1648473855.875108": {"GPUs": 1, "CPUs": 2}, "1648473856.375108": {"GPUs": 1, "CPUs": 2}, "1648473856.875136": {"GPUs": 1, "CPUs": 2}, "1648473857.375133": {"GPUs": 1, "CPUs": 1}, "1648473866.375105": {"GPUs": 1, "CPUs": 1}, "1648473866.875125": {"GPUs": 1, "CPUs": 3}, "1648473867.375134": {"GPUs": 1, "CPUs": 2}, "1648473867.875134": {"GPUs": 1, "CPUs": 1}, "1648473868.375108": {"GPUs": 1, "CPUs": 1}, "1648473868.875079": {"GPUs": 1, "CPUs": 2}, "1648473869.375159": {"GPUs": 1, "CPUs": 3}, "1648473869.875135": {"GPUs": 1,