{"RuleTriggered": 0, "Violations": 0, "Details": {"step_details": {"algo-1-26": {"step_stats": {"mean": 4.950890640692642, "max": 9.194888, "p99": 8.760434799999997, "p95": 5.5798075, "p50": 4.888029, "min": 0.695334}, "number_of_outliers": 9, "phase": "Step:ModeKeys.TRAIN", "stddev": 0.97, "probs": [2, 0, 0, 2, 0, 0, 0, 0, 0, 0, 0, 0, 0, 0, 0, 0, 0, 0, 0, 0, 0, 0, 0, 0, 0, 0, 0, 0, 0, 0, 0, 0, 0, 0, 0, 0, 0, 0, 0, 0, 0, 0, 0, 0, 0, 0, 0, 0, 0, 0, 0, 0, 0, 0, 0, 0, 0, 0, 1, 4, 4, 1, 4, 3, 6, 7, 14, 12, 8, 19, 11, 15, 22, 8, 13, 16, 10, 12, 10, 4, 7, 4, 0, 0, 0, 0, 2, 0, 0, 0, 0, 0, 0, 0, 0, 0, 0, 0, 0, 1], "binedges": [0.695334, 0.7534855, 0.811637, 0.8697885000000001, 0.92794, 0.9860915, 1.044243, 1.1023945, 1.160546, 1.2186975, 1.276849, 1.3350005, 1.3931520000000002, 1.4513035, 1.509455, 1.5676065000000001, 1.625758, 1.6839095, 1.742061, 1.8002125000000002, 1.858364, 1.9165155, 1.9746670000000002, 2.0328185, 2.09097, 2.1491215, 2.2072730000000003, 2.2654245, 2.323576, 2.3817275, 2.439879, 2.4980305, 2.556182, 2.6143335, 2.672485, 2.7306365, 2.788788, 2.8469395, 2.905091, 2.9632425, 3.021394, 3.0795455, 3.137697, 3.1958485, 3.254, 3.3121515, 3.370303, 3.4284545, 3.486606, 3.5447575, 3.602909, 3.6610605, 3.719212, 3.7773635, 3.835515, 3.8936665, 3.951818, 4.0099695, 4.0681210000000005, 4.1262725, 4.184424, 4.2425755, 4.300727, 4.3588785, 4.4170300000000005, 4.475181500000001, 4.533333, 4.5914845, 4.649636, 4.7077875, 4.765939, 4.8240905, 4.882242, 4.9403935, 4.998545, 5.0566965, 5.114848, 5.1729995, 5.231151, 5.2893025, 5.347454, 5.4056055, 5.463757, 5.5219085, 5.5800600000000005, 5.6382115, 5.696363, 5.7545145, 5.812666, 5.8708175, 5.928969, 5.9871205, 6.045272, 6.1034235, 6.161575, 6.2197265, 6.277878, 6.3360295, 6.394181, 6.4523325, 6.510484], "step_numbers": ["1", "2", "3", "4", "5", "6", "7", "8", "9"]}}}, "Datapoints": 259, "RuleParameters": "threshold:3\nmode:None\nn_outliers:10\nstddev:3"}