{"RuleTriggered": 0, "Violations": 0, "Details": {"step_num": {"first": 1648473899903914, "last": 1648475456550397}, "job_start": 1648473590.875066, "job_end": 1648475459.875505}, "Datapoints": 259, "RuleParameters": "threshold:20"}