{"RuleTriggered": 0, "Violations": 0, "Details": {"ratio": {"cpu_functions": 100.0}, "phase": {"Step:ModeKeys.TRAIN": 82.87045830818884, "others": 7.670140640827716, "Step:ModeKeys.EVAL": 9.459401050983436}, "phase_time": {}, "CPU": {"aten::conv2d": 19.281688572544027, "aten::convolution": 19.280516104698368, "aten::_convolution": 19.27952600874955, "aten::mkldnn_convolution": 19.275789003549793, "aten::batch_norm": 3.529306270847421, "aten::_batch_norm_impl_index": 3.527562946590938, "aten::native_batch_norm": 3.5256480416741147, "enumerate(DataLoader)#_SingleProcessDataLoaderIter.__next__": 12.299963051345788}, "CPU_total": {"aten::conv2d": 35735828, "aten::convolution": 35733655, "aten::_convolution": 35731820, "aten::mkldnn_convolution": 35724894, "aten::batch_norm": 6541060, "aten::_batch_norm_impl_index": 6537829, "aten::native_batch_norm": 6534280, "enumerate(DataLoader)#_SingleProcessDataLoaderIter.__next__": 22796207}, "general": {"DataLoaderIterInitialize": 0.00031497403696771083, "DataLoaderIter": 1.7526962758725908, "Forward": 98.24698875009044}}, "Datapoints": 0, "RuleParameters": ""}